RA,Dec,Galactic_l,Galactic_b,Ecliptic_lon,Ecliptic_lat
134.8344427850505,35.66910852355412,187.83385432556094,40.44835288627821,126.98173247932674,17.807728718657714
342.2571503075698,6.497345941941671,77.06123569383873,-45.19536529483987,346.1759360380953,12.95946967877306
263.51781905210584,-34.28502906846101,354.16336009088826,-0.7627704687022374,264.54400486459116,-10.96834769509795
215.5170543109332,56.483103547250764,100.27761384994372,56.47792235346353,175.2496061827849,63.192668106138534
56.16671055927715,33.25161105969827,159.7776681257017,-16.952101472255517,61.43670823934257,13.105920966703225
56.158027321032954,-60.72895091791957,274.29575679913137,-45.59910369807039,5.368201519273249,-74.12766086744146
20.910100380551807,73.96689320889165,125.192038931667,11.236623308701951,61.37234059993197,57.41396451233735
311.82341247897665,58.05670372617042,94.97142728180631,9.143627360992022,356.0730241229367,69.28996320064113
216.40140422755516,80.96398439254632,118.52129135572521,35.34288711058985,112.35447647000066,70.59090095747524
254.90612800657638,40.629511509904795,64.83378478196066,37.84568311873944,244.43873394593066,62.73594426074379
7.410417946488881,20.414735268442175,116.03587789068408,-42.16497575212474,15.032258894099877,15.780234487979465
349.16754677831796,-14.716253467688603,57.51214690824314,-64.6995219999627,344.2514690023172,-9.25131933198644
299.6793506881518,77.89112700372239,110.32588882099466,23.067567478052943,64.89450132070654,75.82769360610712
76.44207984417942,65.89150011007351,145.15818268939358,14.742360027665987,82.49672534769526,42.804804724253835
65.45698819455622,-81.86063938088591,295.32194802141527,-31.865542942153464,282.04129756970235,-73.6315824690531
66.02562354723618,-85.25394459049464,298.5505626354003,-29.9051476255039,275.86527216515304,-70.80564732332432
109.52720746543358,-22.236593961951073,235.6969871388007,-4.410773347664633,115.45471012610275,-43.96518209664833
188.91231538760562,55.89959954072992,127.51046352639112,61.0880743172136,155.7298347156719,52.58698092514059
155.50020671116167,87.70970327669,124.51978781262797,28.939723568469397,95.03208659213404,65.52708949073687
104.8424904712951,-62.924959601364925,273.2979479320602,-23.07874535954603,157.00100416976,-82.7234337756603
220.2670421000566,16.94352876338432,16.740016127634558,62.708095258600764,211.7270044839038,30.885515003186274
50.21778983473506,-21.439645806416127,211.70947079864868,-55.60203198831378,40.61822815687478,-38.308184719147796
105.17207347267853,84.58459160662858,129.01891974923564,27.21545655744606,92.94449195958693,61.30104846122921
131.890263585729,61.58140616442756,154.49252224392163,37.342416952481855,115.20932659412573,41.75879377024704
164.18519431813294,60.89916684800481,144.74485033903602,51.09455539749596,134.92082016486512,48.49873098156611
282.6633461014849,-5.63523123690535,27.82451076173966,-2.3924176074135404,283.19946531243454,17.225514441194367
71.88256157700951,-15.332489579220267,213.55500691107903,-34.21762471639005,67.82068468826193,-37.38734696505669
185.1243978289002,-40.78672705247288,296.6348198071702,21.70640560925208,203.1111118922031,-34.92056612695804
213.26924479033528,-79.85241060283312,306.627091814104,-17.571310763928086,252.9429760046297,-59.846742883630654
16.72214857919918,65.65002772590958,124.52547674217472,2.826097433442781,50.03479334907346,52.0620167072838
218.7161466845178,56.32218164341396,97.69522896782709,55.4434343449875,178.30098576642953,64.35094712567182
61.38868452742495,89.94918119150351,122.97469745201873,27.094591781277718,89.93504970671557,66.51609351422101
23.418573474700626,89.39463067330297,123.05591608215839,26.533079792224278,88.61321526173482,66.3139701338978
341.59879341119995,9.97770700847294,79.4064251018238,-42.087341907403086,346.96301945745734,16.41748259809158
347.62753190684134,48.417734732491894,106.17226666535264,-11.142263935836437,14.447183053183542,47.9744690725772
291.023045321926,80.05783137883704,112.03560834549381,25.29737412294329,75.74930721599924,75.42298658692432
109.66095690241345,62.936530321934065,153.39911993983722,27.001254560257948,101.57230592177983,40.285164684135665
35.161961042298195,-45.47734168622442,264.7789580226574,-64.48503805561016,8.614518862865618,-54.56424082020865
246.32388954437647,-8.902055644183166,5.849270171174162,26.92897879481504,246.0110114673037,12.587566667076825
158.45489774625648,-66.7513052727309,289.93410377091647,-7.418315481331526,212.33905997192778,-64.24267488586534
43.93376454412038,81.72918490657003,127.46307222293181,19.973561959806286,77.94427640012445,60.25453359881189
178.26368764005727,19.11143420115841,240.73541793703228,74.38417478144521,170.5873116539557,16.79818310836849
12.379867601478622,-48.84429500937671,303.7848801603123,-68.28078007174865,345.1787173437728,-48.32409633401892
327.3553447483615,30.90612319305421,83.00737096470296,-17.516461926856195,343.0361311735903,40.94647333776261
93.1607933760061,21.26308328242125,189.69879599460475,1.469008427706135,92.9436229589708,-2.1438638017692297
238.5080223674335,-25.53071075408871,346.8017164319835,21.399944329076373,241.74971816594427,-5.126826470802011
112.21598739218794,-69.55963340406677,281.09319407918457,-22.132040793792974,209.95283738701767,-81.23364874343281
187.22448762401189,30.88317520670393,174.28666408570933,83.8060279625419,172.9553854980313,30.92159502473101
196.81570056358066,3.6553861626827944,312.7655774340435,66.22452698071271,194.07180535396694,9.981770474961547
66.54760398918974,49.01731051241508,154.83425095176747,-0.08130548713391365,72.96904434959217,26.954991702831048
349.0504659952411,3.6294302001588097,82.48997186763931,-51.60506611333622,351.364364517127,7.670928408663805
279.04781641000125,63.39267005733722,93.19066195738642,25.733865106793612,324.54299260795653,85.03982850973618
338.2196189631081,9.343230979407398,75.47189063533716,-40.427657942468954,343.5008259896728,17.132874720352923
322.1378461539536,10.96883487636953,63.717076523885176,-27.79992094627879,328.37904855312706,24.472392747357805
215.24399237199066,67.7976484785021,110.71580493382766,47.15040115812253,151.40227979835845,69.4219408428199
331.8747246083221,-17.373084081768532,38.65833425264191,-51.0178917603731,327.72275980290397,-5.451036379250811
31.85730073869102,-65.87725887888467,291.1178861418052,-49.47153469124926,334.5556716040381,-67.39324518291525
70.55383047089227,-84.81911826359898,297.88574125885725,-29.806438734279915,275.39616042509556,-71.37052086549645
16.281824007793702,45.92470602125142,125.41901984408884,-16.88092402369167,34.83280983089383,35.5609338802884
117.11891907477516,21.65571924362364,198.96467127869468,21.83988080204291,115.06352751597431,0.54547080391648
139.92382428821352,36.734358257860244,186.92091395408826,44.6369111692146,130.7621081777199,20.091217726789857
97.68565143860253,-51.66645092839607,260.36838239562246,-24.045267053288427,108.22098812280059,-74.61944389932746
298.34550329469454,-65.45313439438144,330.7433814709686,-30.896785051456543,285.79105457919684,-43.560793257468475
128.43119760969213,-87.38196017978126,300.3049925708324,-25.9738335920775,265.5425721476809,-68.55322641283239
101.13642348745708,-26.894239414812546,236.58012718197182,-13.304621330517275,105.45406074644296,-49.737643952138
195.37058993696945,16.185183633833955,315.45636987811906,78.81192160395098,187.54239066298067,20.915947941399924
50.73272099091455,-19.396071882048183,208.5916484931575,-54.49742701019345,42.014471157994805,-36.52505020872928
288.79091307145427,-11.254514035728768,25.486613520045523,-10.322844963611724,288.7679509987227,10.96861347305767
26.838231724717495,72.74856500887472,127.10788201425851,10.331725410072917,62.23501233178175,55.380998306447175
355.2792971761862,-27.314015935805937,28.210551691702417,-74.37869683977937,344.2532499627839,-23.07375527454768
278.0081169467967,2.5181080487659435,32.96507442811062,5.46445908458236,278.8823233622649,25.71069933360858
71.53764535230206,51.05754229340575,155.48188554494965,3.6612086708301343,76.91123381359206,28.453567524215117
1.9879621644968637,-18.62229918217137,71.03444313470325,-76.87167632707502,354.1565867658476,-17.82159966197832
293.5661142437403,21.97560604101723,57.241307468529456,0.9915759188239084,300.43310927588755,42.95658102214592
254.46864378514215,65.22546757441413,95.72906003968814,36.2526907157713,184.71544472428653,83.53545103632369
262.4425804947554,80.91371225837558,113.09664363278247,29.953175251405682,94.76135219281892,75.52142628649601
277.6573248069405,-63.52677343277317,331.5068989886071,-21.85125803774143,274.4568327181354,-40.2060139457208
26.65607462427253,76.78577252906899,126.15634695844895,14.260762163953588,66.99798548611273,58.47316849512296
129.04766227593814,-1.4190672456831255,226.9047513539626,22.41778953648734,131.87287029434654,-19.362817575202417
41.7128614290467,-43.516010106187494,255.65502593448073,-61.55229512234772,17.316965047508965,-55.45490961584592
310.71723331521366,-7.355563877112965,39.2688709136301,-28.088031071981465,311.1353546474917,10.459897134503843
224.38732565792085,86.40586355138586,120.75881763007042,30.17502818850684,97.15331896035853,68.92658083470567
119.1232889469537,-1.3287430812834722,221.71637700664354,13.804496306904985,121.55873184981479,-21.633598273522576
22.88100610296851,-30.82471014824852,238.17136747027482,-80.49068220393737,7.379067301385978,-37.08113222317797
111.9536358176384,24.01215377701064,194.74489181279495,18.303426953280024,109.97832917002515,2.082949066088298
117.06599592962894,-46.77378861992525,260.4547262921785,-10.524985383392396,139.12109517172152,-65.66090867601005
262.6582242017031,-76.3446009404405,316.73227364955636,-21.748905492011097,267.1241710164649,-52.97851926852343
229.5206896878767,-66.80165005608313,316.6690867384824,-7.925634836793367,248.23236348294355,-46.39531752980382
319.39658732747756,-66.95174898760096,326.7481880386537,-38.83090297925131,296.3579053498681,-47.97827648302569
169.99737305830175,-62.65751516778702,292.6483670865836,-1.6259040849409339,211.76739138153619,-57.855861987333235
43.053928537788615,-65.01110892310618,284.5721627950953,-47.58321111698335,342.7301817357492,-71.14041439198098
256.7681234002782,25.35745406457863,46.77111318514752,33.29772559982024,251.99970727650572,47.97343844925732
273.88261750208306,-57.261584808153934,337.09578093134945,-17.965763848044624,272.52348522043286,-33.85636156829777
202.05979112501865,-27.779889001704625,312.80185555568676,34.38557432260637,210.87128027850645,-17.183940843420583
277.54818478364194,71.42191378308213,102.01865685345652,27.288406104143064,64.3770351600135,84.44560793045169
177.76641469118067,-4.686904752682977,276.0304746248001,55.00029913179652,179.81575236057782,-5.187710195309101
188.18381857751785,30.16039293378489,175.3669304073321,84.89879358877062,174.19619714649022,30.658595820315952
153.91476660907787,-58.98242318370663,284.0213956779601,-1.95392103807337,196.03093563069882,-61.2134413298749
9.150885627874267,-55.38797661443926,307.36403340303906,-61.61243564864702,336.43946059040525,-52.28248874572275
38.8409137175896,-82.64364907203381,299.06655894342913,-33.68785718991625,287.263962004659,-70.36843143133716
11.31450684722433,-59.59168864701038,304.3880949511139,-57.519087547542476,333.08240681528645,-56.1784353688587
229.10774805496095,-39.85373897424745,330.96156980003775,14.998280615203084,237.44639702377611,-20.922854733916008
113.1681531874776,-58.13811283018558,269.9066593193972,-17.650270030018966,152.6476220691388,-76.47817185245823
183.085448819293,-74.03354392373,300.20177208075967,-11.369395496145136,235.25104328058623,-61.18717704898685
326.72393061339346,-68.28554320189185,323.52519545098903,-40.67761540240906,299.0933253659145,-50.500364630203364
89.74520249359497,-7.059821754109361,213.32962044517896,-14.859219131102506,89.7026645374727,-30.498843557458674
147.73785229282672,-52.85993068695735,277.59854306144376,0.8972536437840195,182.39637550973742,-59.269439080530155
271.99840987549754,-24.431425011346416,6.405068722318781,-2.0581692328506267,271.8158146941893,-1.0047661296367931
82.36733957698408,0.6151087538742384,202.6938505283645,-17.85763100932236,81.72449995731426,-22.60527925054281
27.712767538365476,34.27106915328575,136.68694392629618,-27.008763887671552,38.23853617970243,21.332296033808497
104.31052304895648,-82.92381482860219,295.0067177923341,-26.726643202047345,263.9026409154618,-73.33045826293042
58.039663411441595,53.893871803627675,147.63996361678642,-0.07309694319324839,68.2013020891638,32.846304639512056
334.69115484332633,23.022070108363398,82.93972028633529,-27.752296679220592,346.1276346869708,31.01878174559298
290.9233366431901,-75.28337424920306,319.51683941505553,-28.21231592455906,278.56006983447037,-52.46637592053363
228.02535234375244,67.2441523392199,104.70533395086407,44.58064997354969,158.29043979907178,73.83298434294801
313.72581246757835,75.75703209572637,110.00609686322974,19.24625216745327,52.59521095167295,73.74056180382242
289.32194768368123,-79.00596722612453,315.3041836339674,-27.821485143173877,276.4756223955096,-56.00205927764527
67.1652211989729,-40.16202333350333,243.77903992028672,-43.70357427021719,52.72104864143803,-60.67989437843259
321.321239456392,55.11623036275104,96.28041584023981,3.293926315257194,359.78775456665517,63.482298999032906
194.16320708963426,44.68674426905851,119.86350609327671,72.4104256040316,170.11136513408246,45.59398177410977
290.6784558590625,-56.78621651585208,340.29970641882744,-26.603438728950298,283.53995252502517,-34.31514263778462
322.59286797245755,-52.31712179939215,344.7107772604689,-45.12342725315246,306.52572969496515,-35.33732732452941
114.481250989871,-23.315021497551243,238.82269536422532,-0.9066922631653104,121.98089106319539,-44.07354852309332
39.618692829963635,-2.785862665616161,173.9900345731473,-54.67638148925148,36.28908431926589,-17.33425048436813
82.056658515099,21.285858875453272,184.37877474958972,-7.411072632222093,82.59351496420393,-1.949535885604628
153.75880390545228,-23.595544877440965,262.59110766568733,26.76943888188685,165.49893346767612,-31.898805642932846
294.48531573209755,-6.743751096033379,32.1511177821179,-13.39452628289957,295.16523413629375,14.581695542766315
309.86300997228363,44.544768864076175,83.48781924780522,1.8256237177490617,333.98746665544456,59.45033999780414
2.502766991228653,-83.39702347969238,304.354362513049,-33.61643570025337,286.3879359357418,-65.9786236261653
183.86902892792367,-44.56135001807626,296.21483468069596,17.840861235142057,204.44631903993033,-38.656371936435775
150.26796113356045,38.40292545921944,184.28036431129146,52.817267190543674,138.4195228078888,24.540207598353025
79.95881176946288,71.13723078369588,141.25027722433455,18.634362277207423,85.17615644201337,47.865912524092494
43.15153224012581,2.1019395808199026,172.72310406119053,-48.6972600990466,41.34795093603262,-13.781374156577698
121.54146170530606,5.780427347756818,216.3128392675996,19.241594675048717,122.4621518814033,-14.174787612298399
339.4474934085069,-70.70903795884031,317.2207544817276,-42.51715854538403,302.69563335311057,-55.06819970516313
116.35305552747188,-9.465773971778164,227.6143226637048,7.4608450294029245,120.42254652815846,-30.163726510327564
186.76462382761179,5.871107961904169,286.5807246344538,67.96554020009974,183.8656295004042,8.074403103224782
253.08682520226404,-46.35530934574866,339.7494297819473,-1.429714616867249,257.3334259620147,-23.656741834461286
130.90665685654582,-41.53621842911143,261.5810713051096,0.6234519587617168,152.48524836996648,-56.450584836435425
349.84154977954586,-22.088850641167923,41.44000697398189,-68.50926702487149,341.81618120868205,-16.26060668574224
346.48102617916004,-86.38718440000926,304.7911512306574,-30.352586343203413,278.4849156315818,-65.47763223803521
90.6416264971311,-32.02575019502791,238.1452205901892,-23.671439712018934,90.95566252060911,-55.46289435788242
179.00946212125876,-51.93935874062196,294.3133868929723,10.002910565643838,206.20415067421902,-46.60434685935577
108.31619153403707,-31.050476607975362,243.12381088252363,-9.362933622897538,116.45249585784899,-52.82053852354979
102.54257797588834,-68.44281627253478,278.9721076708499,-25.207453966619966,207.12794868810377,-84.85600445471319
13.279301047631806,70.2949105331811,123.07467618165433,7.423628403621615,53.622660088194735,56.40269972256145
219.44316023276286,16.84664163972876,15.760173818087488,63.36649646981356,210.90996364727977,30.51498683789869
180.96444836239013,32.23841744600813,183.75299463137307,78.48160810420477,166.74679690592123,29.6755661578217
18.532350449996166,52.05082294932089,126.47831123264746,-10.664606147729694,40.211345985725046,40.22096622974951
100.31272712518012,-0.28040419276968986,212.0197649143981,-2.3943604839781423,101.23742404421232,-23.318151080117126
326.97571894799535,-74.35434814426374,317.0215674891373,-37.313037561059446,293.5828012147922,-55.590836789214634
86.24228064011007,6.6791775273386005,199.17385506807096,-11.522482872461039,86.09917020970909,-16.70928634509193
52.16215395284031,15.631401243758242,169.3953083530068,-32.707302848717305,53.72216348047566,-3.170786679890652
176.20299369992267,44.179105353179395,156.7426833066149,68.32029027538339,155.85037246279452,38.35305753437835
354.83416347981625,-12.301281678657709,70.67527951129064,-67.52181962547809,350.3459519256721,-9.234681063963615
87.13989774414014,-67.03554549679852,276.9678182422245,-30.925472695484356,335.8356186047134,-88.77738937199629
241.96879706611628,-38.9203369562296,339.5522559207089,9.602354629803997,247.4332480255376,-17.65135224508182
274.1830615183383,-24.645186648245684,7.1686771161351315,-3.905779671954246,273.79848186867883,-1.2611011114664605
85.54951583726388,26.265103439688218,181.87851393294065,-2.0449630105763794,86.0008392271114,2.887523457509285
262.15788550026946,12.74009484040414,35.382368695592035,24.04308623324872,260.537257995688,35.92223567011628
132.40192777893117,-25.902589338387678,249.9928212158937,11.276655094799443,144.30884878153466,-41.6836872125647
227.6300990136886,87.57274478273635,121.34777686721708,29.11317809360298,94.42237705614717,68.29574572720695
228.0706958739221,19.039467484239687,26.458843186166565,56.732659302537854,219.21289458570624,35.383420987844886
192.87888626691304,-47.29917748752099,302.94558901539483,15.572568037872983,213.09862015429042,-37.88908346801542
32.50431721958699,-71.67915492832732,294.4647897952853,-44.13442286919011,319.9712642412949,-69.74580747681834
300.7088984121257,-62.48535494682024,334.17880477316027,-32.034767228402956,288.2044385015594,-40.973788982318545
115.4808233898249,-45.72760889078854,258.9888913947757,-10.996268672693251,135.66857462808085,-65.17720363406835
67.14666374394753,-61.07735281327998,271.8045567117964,-40.56863922999212,17.91234261182687,-78.61499023895892
14.67905095971501,-56.41793567076496,300.8764319729999,-60.681259353562425,339.24015591885114,-55.09520592451814
212.72145954776704,-38.68286963510752,319.50787453677924,21.61811540262872,224.06625113556223,-23.927856914058527
243.92317026322166,-58.79275284694413,326.82728064514555,-5.750676753490761,253.4616159605733,-36.84119125594079
5.971618414028215,71.41777643275653,120.71645602274545,8.664640843120658,52.118930333436026,58.92184484596733
184.35350098774114,-75.5579257809044,300.7636737429728,-12.829607235720502,238.29150906543362,-61.75829002626508
81.53847907125767,4.412050122645841,198.80471894031228,-16.711690670049293,81.08248061502016,-18.765795427418773
232.26220454740195,-16.128571141860927,349.0857397537985,32.27341579889455,233.93710649161932,2.712136582707304
62.771914441796916,86.82815104354916,125.61037364310721,25.06045541039697,86.72033116105925,63.70253667839243
248.73758571688774,-69.83299760975058,320.10370494430197,-14.827525310591946,259.39788737570774,-47.174820148833206
139.22472466819346,-18.385992171766507,248.04349779248773,20.912302419137752,148.3353983390193,-32.405911761916904
337.22279594522445,84.50467798956639,119.46649024135355,22.62014736693422,76.28614697400846,68.12716879428596
49.507539892557574,65.79128266091645,137.21071721708321,7.069768420079305,67.68592318172246,45.459145966204915
122.78388637809306,57.072972770870386,160.5750885839491,33.20222994312693,111.34124253273869,36.03795091216877
40.85046764661207,-43.57749113191083,256.35694502106395,-62.08579316970505,16.325489426043017,-55.178871602987954
332.8897025802826,-59.240234269788154,332.20667205431516,-47.78888933365712,309.3241001738165,-44.08318437571338
315.8421672171532,30.355779586397578,75.46199583341726,-10.81477043451343,330.47849077464383,44.65064097374661
92.85898597745602,77.28767804296544,136.6824320707981,24.254862251636503,91.06248412261922,53.85897991923217
237.59425657230446,10.217320742507361,19.853475898877136,44.67468719318997,232.67361333129497,29.55457355489049
294.1999920724377,12.890284104581973,49.58812665429998,-3.9492814352874683,298.79046429922676,33.941993454388
199.87229217580645,-39.603763141148846,308.7950664655071,22.94842325345171,214.2734814285182,-28.730656704143133
190.67420820816233,48.50872797454864,126.89348884666373,68.55223304400573,164.10288314199178,47.39671188202826
87.0668247241626,-56.33212525964579,264.4846194535337,-30.915863104552656,80.88609991056937,-79.67860803776817
33.51699641012372,-31.73773744723614,232.27083397609906,-71.45985906375003,17.353097652229604,-42.02280528136677
322.99767286319764,-13.42144104904498,39.02190246155311,-41.59696543889373,320.9786756325186,1.1405019635337605
324.150500578799,1.3698681632019039,56.14109719791764,-35.185117754766175,326.9247879639829,14.763417623635625
227.91652461837646,-46.366248165285555,326.66037952761104,9.944360463518304,238.59977323801772,-27.408273178556737
122.05072477753224,-69.32937154694336,282.30355490275804,-18.86612273777073,207.5328943462644,-77.80401250135995
125.71544686055792,19.911607639493866,203.97347923718925,28.705949809033427,123.28659866514934,0.5047008320489352
261.3440443932862,-38.04650041675396,350.0575112391479,-1.3738501826676808,262.9540278566338,-14.81858023249943
322.95969358292774,14.62287985607021,67.44215441135049,-26.077100224053282,330.6442228482058,27.611492464312253
319.35111273544226,-62.21471125064358,332.4852055873391,-40.552040141734125,299.28576208793635,-43.70183590498462
280.7551965087446,-3.3947816661328534,28.951494488542593,0.3220205141816353,281.4025781104078,19.619644857301445
231.1313926155436,5.866097859285455,9.648206606516732,47.87270906556691,227.01824075530828,23.694046118809567
30.29038739821758,-80.67176337196315,299.491731619945,-35.986007049783986,293.7846497298032,-69.69683468962307
58.18633707406096,-29.411229925094297,227.2215737593361,-50.26367852264126,46.49090377080732,-48.159558316717906
323.47950786974855,-65.80535815098463,327.19555102531956,-40.79818592391826,299.30908238424405,-47.720499504407826
218.31446147745237,-78.5925053149018,308.0248197461046,-16.740489131106404,252.83145079414447,-58.27493182943105
3.3109385819866732,88.19284183019015,122.60027166488607,25.34574404077798,85.48737285486007,66.3912121492482
36.529755431771555,-31.976307904549866,231.90055883714768,-68.8929644739395,20.33067550127993,-43.37074051434445
238.8606368789001,55.77740025383427,86.97632545786401,46.446368559273665,201.18564222559047,71.82483678483871
1.8221701846387273,-44.16468214252251,327.59949421846386,-70.78836408924991,340.3317047112801,-40.41386560564706
57.890898510299515,32.67049000030727,161.32156554758453,-16.4583317361496,62.75032185741233,12.218326689444005
197.544164171971,46.84101478014358,113.55618691242424,69.9446326618666,171.19473745102744,48.701729089812055
249.08227116936956,17.21497330941197,34.464664809995305,37.41526748218023,244.05012966676517,38.7888033036479
234.7060534209362,-5.116286060971493,0.7785164332212399,38.29257825186897,233.62378058408257,13.978210508338748
80.73695140580152,-15.868635453491663,217.9458616214582,-26.555701105142116,78.51398915200365,-38.939421249982466
256.38451968511293,-27.203712022260845,356.49880614069133,8.303685694013165,257.8757333222909,-4.335495837059049
85.40967149884803,77.31524596460865,136.05868173244673,22.721435177082164,88.28680691647669,53.90320274055973
117.14389133733638,59.51149340179124,157.64050259065277,30.288117216686118,106.99843835810955,37.664160280303996
268.7369058424887,83.70484391997226,115.98263913220157,28.49260866798128,90.46586850816442,72.85381495290973
233.86784365699728,-67.62649977260195,317.60367326279237,-9.556478103298788,250.94338922936325,-46.56273600969066
305.72042777790404,41.55614553665597,79.28696055660116,2.507296015376879,326.0998978418318,58.24181537434762
236.74064122812362,78.90128222778681,113.57824682066669,34.815895249220986,113.50892874445104,74.65540679927582
204.59109720076978,-57.378048090181174,309.2482502213876,4.917078603173944,227.80873011413533,-43.11845978573464
33.72291641811329,-78.03067187398005,297.5382462919484,-38.209664893148236,301.31457144609436,-70.61918689998325
132.37768910139607,43.40171687221063,177.59371127742986,39.190639977443595,122.59577236506445,24.640051449299886
95.47285236542116,13.405160372384142,197.6623439770946,-0.3202789474290255,95.40066531295815,-9.931504814016954
87.83627161647009,61.52917981648897,151.697258200928,16.909613077238664,88.6855813185975,38.09974132281467
350.28379971088043,-64.8409722072679,317.53224965294015,-49.649244179426994,314.53265591451975,-53.31209997863887
141.51518088003374,53.14811613478023,163.79761071099475,44.28965187158732,125.39111966914716,35.85226984352437
321.1367598637608,-53.70708239140598,343.11762495509083,-43.93618757772363,304.8679161628621,-36.28171301720927
227.20990535901464,-60.54193028417319,319.0530425529594,-2.044716096793124,243.74693422869825,-40.94315810572092
286.13206927499346,-60.43215637242127,335.8414561646895,-24.940224301329817,279.95460030423874,-37.54935923799216
180.94935351786916,56.62344964164878,135.78115768520559,59.30050288417078,149.51176442356413,50.33507440853075
207.68539846548927,29.735499725316025,47.723763325229896,76.71438766250056,192.66557043373612,37.99164067722386
177.306369774791,4.1517764584414785,267.3435880515698,62.64311510091924,175.8738717577269,2.7386378221370493
70.28747560729602,-25.41051285776955,224.81411970197576,-38.93535835366137,63.43600553889423,-47.04854695914138
260.0827614941419,67.89609734635948,98.3421572548386,33.51260950419165,156.28471078723453,85.94113278507359
101.0780504787081,-19.35988066392563,229.5619309005208,-10.210280613058327,104.17345624245192,-42.25548208800632
8.753747915323382,56.98789910488388,120.68484631806743,-5.812177624563331,37.2574968772952,47.423798244661086
232.3700265265804,-10.955716457360685,353.45242475820277,35.97684738400706,232.76994852801326,7.753899519724767
63.75984458653762,-22.150002703516634,218.4312606584399,-43.771743367820626,56.218446971939976,-42.56106425705261
338.56509036704915,-6.717638579470842,58.6911317930574,-51.58753399088589,337.67621911590453,2.1229112610002887
343.41428772093144,-35.75198265045442,6.565972507150709,-63.55930230850072,330.2232936372265,-26.354033659069927
329.35118047936146,44.5696884317252,93.24080033502035,-8.038807788922986,354.9567838211669,52.029223244949634
133.25713209196,0.48967021664624744,227.43530000163537,27.01431453242381,135.57398265262634,-16.37026771206226
5.564381950392274,-48.20171487357288,316.090083006133,-68.1742017165227,340.3171248027363,-45.2094268368898
334.1946825315811,71.92342318942232,111.47523831280746,12.583009910528018,42.29972393088721,67.80847924062941
154.14629339423317,-20.899580152821947,260.9746380571367,29.08407148098598,164.57711974945315,-29.297370952087185
347.995734855721,7.839515000517947,84.83309890829459,-47.54033945528636,352.07734940083606,11.95255426639173
346.903191752131,73.16497997361844,115.49105601214613,11.8111334571065,48.6455871908758,64.7245929054374
307.0834039682496,22.362839264518577,64.17546326170499,-9.451582719697056,316.69299275793543,39.981449740717196
106.00160114505084,-68.95835267249447,279.8100152504054,-24.08323639576215,208.87845611431476,-83.50960918721469
138.6351822966931,79.16978225042553,133.41289561300334,33.0674420504067,105.60976572751694,58.40217857874174
306.4092017460685,22.987449552855214,64.33962030994047,-8.58507094882899,316.1733882173671,40.76913201151472
114.09192185625996,-29.716989361724497,244.25102474083178,-4.328663085561226,123.76345718720283,-50.37016480753587
61.017388806993296,-64.9310269205903,277.9428665858647,-41.650305501350964,354.36468036843144,-78.09431441369243
200.44845448500607,52.92453406865327,112.61974380821577,63.59170892686381,167.60323624644593,54.66513718614362
337.01571869788114,21.61309606713243,83.89730964346576,-30.182824470954632,347.6999943057203,28.838706249105424
250.5707268029903,6.022996555737874,22.89139326760826,31.37521990533425,247.9947894618259,27.990375269888606
205.2220212321714,70.90066494917238,117.17821829497954,45.67114851929501,140.0449211948292,67.28543872608701
34.983537757476675,51.94749802041554,136.50957827968094,-8.575923855293446,51.60908825471621,35.58388789683059
221.4026016117011,-62.69852164810479,315.6057893105995,-2.6704791742148797,241.42510603574377,-43.996736379795124
356.41938603753476,-33.89002779680132,3.376740267040078,-74.33138406871439,341.9853049026121,-29.404151636590925
50.43024548514865,-45.271954833396165,254.3057464194665,-55.122824431716346,25.629932113391142,-60.18275471850989
186.59867485094523,43.91033266308185,138.0559792345095,72.4750232169881,164.38861599626733,42.00796436011808
315.85430589406394,-83.96416174755971,308.7942081887543,-30.292705068359993,279.2566141535111,-62.03868851497531
266.6767023915136,12.580143276836974,37.191413195753114,19.96234270072195,265.98727259379353,35.97318988476171
250.92566675829647,47.24256343332429,73.29585554823245,40.87334074545832,233.20068155006987,68.25923262997546
252.89427023535933,67.8178146171149,99.03251897088742,36.16180515683303,161.44756391607913,83.27312991295926
129.41681443911187,-28.425285231136655,250.40068248170888,7.636126280692489,142.1414807375365,-44.99018214621193
105.69306393521761,57.82631484096231,158.58840590182024,24.166501425803947,100.1150706633188,34.93701829825248
291.3700159722649,-70.0862873480627,325.4182213379582,-28.266947721909553,280.5678426594209,-47.43014918140019
291.6408220845051,62.36141251221328,93.74431268693311,19.9331417216173,345.81595786436037,79.83670483407575
312.14603468883735,-67.05204078024316,327.83227763996257,-36.13164671873154,292.499391974603,-46.87647595479619
328.76659892032967,-18.488287699133892,35.39325854136273,-48.660425208835626,324.5480395225686,-5.470387831737614
184.08326358993762,53.51316584031965,134.39102122465275,62.82711420139823,154.6494346385016,48.98103327293106
180.54586608739186,-63.01486307722072,297.3783438834374,-0.6754302055883107,218.30341372824387,-54.6735718867031
287.38626442803906,-48.73474885812453,348.4707878107243,-22.896946956997155,282.66870985440704,-26.057486562536155
233.98701507999544,40.00546231075193,64.45742031746153,53.76842626628952,214.77302954446904,56.74856023912308
252.70807581277322,39.606576578293385,63.33599143755044,39.42773763816152,241.47063172323877,61.34443239779763
286.4853609969964,25.406573919353516,57.277027145989955,8.325357781324987,292.3273284679584,47.57589052562424
320.40192305432385,34.910720004078,81.5190975248579,-10.588963224054657,338.2598948062327,47.13767823716734
121.6782564665529,7.6903998025673115,214.56040016533092,20.213930941418152,122.17821793474707,-12.280042514999455
135.20986295037986,-44.676169396748506,266.0031114934676,1.033703209527543,160.37024287424654,-57.603023860331646
33.83349834271284,-27.7747211692945,219.77640488054791,-71.39887795436304,19.935322938465642,-38.57227378837135
208.18085075862263,-57.31241097574338,311.1625261420368,4.576719358079427,230.06849383860333,-42.12320541832322
12.93921856682715,73.5211010400531,122.95494107720631,10.649367709061421,57.8374695937126,58.70788316587823
167.61528652768567,15.010523057901683,235.10287188687778,63.58859244750179,162.7377592156276,8.929707532208509
195.35206849472758,-17.84674498254482,306.285875066679,44.96006362455945,201.03788627831764,-10.424449478006665
103.15485076618239,-6.838955344056117,219.1577338733279,-2.851223163626436,105.05800485479512,-29.59299991744027
212.69997380484386,80.51100113012676,118.96615981495218,35.998022119618675,114.06270970182753,70.11137758082158
10.980089978057794,-62.39674743910557,304.439140381221,-54.70949954179899,329.16106910479635,-58.01174584906366
13.44534794971719,15.521369763023502,123.7650799166627,-47.34658674539914,18.410220744190017,8.997937424045073
296.13620183747696,1.0599621992038766,40.02947401295893,-11.298445141117412,298.34884306453347,21.963460279640337
129.66863090805464,20.061762378236608,205.31480712313748,32.239819306445035,126.85416668377853,1.5538559813939532
45.741784554678524,-86.74016691224871,300.89204796780524,-29.85100815250383,276.29082266663914,-68.78000176296779
188.00757361972958,66.98230360994727,125.88329844061714,50.03458613443797,140.76615490808604,60.00888702747177
277.1976791154999,77.78129084705023,109.1758994611145,27.66087220566261,82.29567500435658,78.58573581418648
77.69556989886354,11.72397304605761,190.23326650852422,-16.133820241412433,77.71518606989868,-11.192285248641177
224.2405712948401,35.39714829784061,57.96009716998318,62.06538658723396,206.51242087864958,49.258663835965976
30.72508739775648,76.04988861191322,127.29941148269378,13.787735151226986,67.44493738169635,57.29115281673243
18.605419620698772,37.30295417641175,127.98728106057615,-25.343083038576506,32.15093105825024,27.069517941931128
191.2876673645333,-62.54297227543296,302.20725007998334,0.3199284123671583,223.93856657566275,-51.09922144603985
194.62864377963834,13.731904830026371,310.3141808599261,76.50211461065493,187.91050777079002,18.383729787365887
229.47476453935437,19.20870834891406,27.575648046974358,55.54885790924161,220.69139617697883,35.97171790779435
261.3928801401582,-13.656479165570516,10.556534263436903,12.053982065777785,261.51624605653427,9.52979839244789
351.3067486065125,42.55996241245011,106.4465410622581,-17.535294407667376,12.90661374593953,41.66954019040794
185.86812538843031,78.18606265842267,124.76542337753507,38.842455781217794,118.8165070865394,65.00896447681832
116.26433025884855,76.60233232321974,137.93047752641363,29.431446934162803,100.06237358926519,54.082272000441286
286.26703011673334,-8.848913147256221,26.56122584668519,-7.0313935235265275,286.5452968136656,13.66070868789819
97.49961045434672,-69.61715174866406,279.99462284975107,-27.154280054431513,230.95414634355828,-85.86138645744916
158.02971145402898,87.27141581322023,124.71955085882998,29.35665092724982,96.08782368059337,65.41670796419979
28.244297283215744,61.00165556026814,130.3225067723966,-0.9839710561901117,52.587022925027505,45.333006886860694
9.126267629564705,-67.56071738341197,305.1252262009732,-49.503893229017734,320.3657442373316,-60.703242017324605
346.55342928405304,75.75153887112702,116.471245671751,14.216775887827518,54.287670178834254,65.78663561082189
300.9528433843941,66.58134517118309,99.53024385191168,17.972944617912884,14.344429647878993,77.8189481748219
250.55071419373127,3.390850282692981,20.198833305508828,30.120453463947168,248.40934145136447,25.38433522752078
147.22305998913717,16.429578434087265,217.44194153356707,46.53939322308104,143.85691953815288,3.035007635321339
62.38595522550448,-18.179513303376552,212.65197126807465,-43.718587210470425,55.8081546194121,-38.39815071292296
56.31733536159098,-80.14290501203436,294.7621625344131,-34.04517495902909,289.97086331780645,-73.86349009653216
90.08744333925432,-29.664496503737833,235.53911708635715,-23.368353880274945,90.12270021705308,-53.103739413439975
197.72159929420337,54.51362074764206,116.83878240628874,62.38394838080784,163.68921749809078,54.82052392565915
257.25453217202244,-89.16623585917148,303.7740359257309,-26.76542072782098,269.5483231752591,-65.74684046331808
237.67105561838326,-29.970149095594046,343.04021217221003,18.612844310784496,241.96946479325123,-9.622299812946691
100.77620290053942,-18.329635153630203,228.49201521664443,-10.026912529561757,103.65284384590198,-41.259391036690424
343.7515010387499,6.731208528826118,78.91459504105569,-45.95384745733227,347.67101042073966,12.59581059586253
265.64289001047666,75.57401095429688,106.90289785089006,30.47970074596599,96.85613751472222,80.88256056241578
199.56745890410426,-27.657721014126974,310.17346153129745,34.83645970316306,208.6904031898597,-17.93181726674271
220.2194686443668,-27.548423658679017,330.7982303611311,29.335350718149563,226.3281216005379,-11.338439129596198
151.05602247400438,42.75022465975471,177.016433004752,52.81541240447042,137.14758831419627,28.778799618512636
89.18315622041669,-8.600770639834712,214.51180081051353,-16.036588981643366,89.04336290115327,-32.03735055018939
128.15016431445417,-49.57113187080325,266.8223521901917,-5.769747907502692,157.59727731919847,-64.32368412887087
272.82459976717286,-8.560887096115188,20.702429311704964,4.903199826064594,272.88583138308184,14.850065111566515
5.181655906712113,-64.64573633163603,308.28331437719424,-52.162241196460606,322.7726079817461,-57.61748210601865
41.786150582489846,-58.250342428879804,277.9710626501462,-52.905332519966294,357.58145646252547,-66.87680632368824
16.56095112783099,-0.29380090689364646,131.08761210179688,-62.93085805400264,15.143326176866644,-6.78151926887908
14.662368834829248,-14.593419089181376,130.9254148366306,-77.35310407570158,7.572146568918038,-19.184142608989127
307.9658102439626,74.672262192258,108.18656698121735,19.87345079919327,49.7947145853988,75.40781104911225
253.31682937680853,-24.76909815900604,356.78570799502853,11.971019096036041,254.87494984517838,-2.2013237456891064
170.70257847143708,14.505903050047822,239.91775507877816,65.81188278203072,165.71818565493135,9.648005652498009
35.22029783436053,23.807571825515467,147.97188408694322,-34.677988993539124,40.77486508067774,9.234227469421738
176.98171504205965,-87.64299781409994,302.22141344112384,-24.859399409026203,264.06707153927124,-66.57298748379453
170.44983748100364,29.436726963007906,200.98175480524165,70.1618730001815,159.08995710447536,23.16823602390289
62.35267316760547,-57.95352596344474,268.89178851374504,-43.88666348400154,20.906996047408068,-74.71762620435884
156.1865937256703,82.99265714450193,127.89688350923265,32.660613580977746,104.22960797147063,63.003673684790684
143.46170438305444,-63.240709004439665,282.7155146422665,-8.416410984751094,196.7991406251936,-67.79718733856667
221.70603529879793,-15.367657729135729,339.77111762433213,39.11211492873618,223.94769080975627,0.6897841387639098
228.63371431235177,-74.63705974584411,312.13235175827833,-14.382263315640174,252.80688681624224,-53.668913665692905
16.309443517936025,89.43736533227053,122.96977911881703,26.566632326133607,88.64737599823995,66.39688757531631
134.86054126552963,0.3951018596236655,228.45216604432403,28.344309239406854,137.20113226285113,-15.999029412910566
225.3095696571251,17.169303117607882,21.365713890798993,58.44750596988221,216.96484379883307,32.75322525258474
181.12905308883157,-77.92623407008305,300.4051952020485,-15.285292043564834,241.9624225632994,-63.578791811156265
308.33634282779605,44.992884671852,83.19378622103278,2.9610565920826066,332.5627748577438,60.38072181659481
237.12970738282021,-52.216993242794565,328.2640990480493,1.7227890833450727,247.07815543422947,-31.361092039411087
58.65639374931469,71.64977209932847,136.36644640231046,13.73592947025849,75.29654634520313,49.806893265572434
25.404749064154743,-53.07486471323871,286.55615385560975,-62.42881886218379,351.4528668538279,-56.71765118241785
231.27094015427363,-55.67621028054002,323.44266244275195,0.9536195491766158,244.26783410972288,-35.64355097125176
9.544071794983854,-83.42105978734293,303.3882300780592,-33.69543906117637,286.64909765172575,-66.77987943603931
210.8792092584468,-5.0279498802001354,334.07581623986994,53.42853915712884,210.51234349644437,7.062725194440021
338.4828869129847,11.671403987270956,77.70567361813639,-38.837526887762266,344.7052345582535,19.176842896068788
207.17070403531642,-78.17244490289657,305.9478112608926,-15.637235682579256,249.00299796703553,-59.40341648015394
139.7411734343479,49.594971005101904,168.95234027581782,43.90345695154635,125.74203246203146,32.142225619438285
231.58375863924715,-8.408009745355029,355.01502774791606,38.33077782187597,231.37034736616218,10.029778100765201
164.971040576946,4.390248478964407,248.5173650529736,55.006991700971014,164.46251748498057,-1.8688071540670914
196.42204415373658,-10.662705551118934,308.6308275938548,52.05128917952852,199.20912135537944,-3.3964677880804017
338.92733115954906,-17.862649042441323,42.2420374962926,-57.425615451021045,333.8495458023766,-8.354540892667258
138.99694960827873,10.73525963547922,220.00259203963017,36.912802407063865,138.08592305132342,-4.905520999382346
346.02860297660914,-62.05675573247175,322.48381708762247,-50.802237083634076,314.9666498806769,-49.95254009876441
325.92623110418293,-57.2529365108512,337.1953520337986,-45.41845167325845,306.1777958686427,-40.62554036894094
70.48480852414671,65.12141178243311,144.25742673498283,12.309197141398752,79.0209168186993,42.42393664072449
24.970068315059564,80.3007831840539,125.0573972238193,17.629544312536698,71.5295681321041,61.172699278913115
36.28008049587359,-22.804323069644468,206.5837104776029,-68.36643531092058,24.981686059803746,-34.93045363922689
6.559857234557902,-41.26595883416032,321.44427818276057,-74.94392485970654,346.1848482474246,-39.73869732405031
33.99946587213422,25.919917783022836,145.7346190758333,-33.18020032092658,40.42788907071774,11.594792838553063
245.88243842988845,-16.42784920234265,359.03899114861906,22.613564150638723,246.82476545407715,5.0924212317336455
25.627913445682434,-85.43045598113792,301.7476214505952,-31.579797163182352,281.13261093964826,-68.16714849448545
114.83122690575406,-61.89253247408573,273.87747664466156,-18.37488089559964,168.17106535182788,-78.33798235801596
304.15511194900364,38.875001192531556,76.39712232280021,1.9799125462793066,322.00152195327775,56.314725202635955
8.377896864897313,28.606309543827244,118.1798395389623,-34.09997693396697,19.510058637500443,22.854851011985165
293.2086537320169,-85.12272134937297,308.36245013234736,-27.89977260308823,274.0908398420631,-62.0158130755431
101.46771891842397,-50.0450108520691,259.3720026064387,-21.31011714226006,115.09973543564656,-72.48578342392472
42.539337943796255,-48.40653661414715,263.7027321947243,-58.68445226716313,13.148822857032258,-59.84747799877397
250.82537953109423,30.940693847771115,51.91641451977124,39.7425875934532,242.39126525722537,52.5580453951305
226.41942484075824,-86.45210320421445,305.08058255039873,-24.15555717710316,264.43496746897387,-63.882350621257416
315.88992486973905,-71.26045524277671,322.37627391407096,-35.99141707386291,291.62158092128243,-51.251121202699146
264.6255757693989,53.98489536717408,81.64476489511345,32.17930598348147,255.65127152959434,77.15640705978753
289.2531349385455,-57.86196083021995,338.9703390184984,-26.029545296345017,282.3994063900202,-35.24881251236715
101.53244612567033,27.494299413337448,187.5769083120557,11.082737946955142,100.24258207122193,4.464295649755957
63.878235760700214,-47.12709941158923,253.76628883444664,-45.65054605360599,41.91522095206349,-66.26043912817875
270.221310590709,-72.10054930331788,321.7992158400107,-21.96655031401285,270.0991051978485,-48.66134708713883
290.46050613621503,-46.22900562009826,351.7006707541912,-24.249347674823902,285.3300107616595,-23.872957305637758
356.5818511202424,40.008047734018646,109.62098096646739,-21.174806089913556,15.620557636529695,37.44578940046309
148.54236368811354,64.02536425913144,147.89777979655562,43.53623651237942,123.36352344706498,47.21332838889818
133.92651088540194,59.439575622058484,156.88913451364377,38.76730411594751,117.46426708003018,40.118639924379615
279.50866586711885,-18.506964668678133,14.921859627748388,-5.474876724648813,279.03865686993566,4.634338004688369
122.68927449108642,30.25532458271631,191.75420568696427,29.375700335148384,118.26879349545598,9.968309588165198
335.0726372172833,-53.10282682515223,339.5293697187202,-51.90017084683633,314.6916104586912,-39.27694135260889
309.02859066348424,-37.23340855301761,5.029070025800526,-36.043706397678854,301.811068018758,-18.00569639093507
154.43784985500662,71.34044733380156,138.18953149650815,40.92745149615052,119.8178357841212,54.522330595822005
270.31358440493904,-87.65965376806751,305.48687817616945,-26.596789675878508,270.025563257881,-64.22040448271639
271.63543467048567,-74.60846444619574,319.383397852143,-23.181896912169176,270.68837263350355,-51.173113086164726
37.12459278093574,-52.58047407371508,274.1320109899586,-58.77812631738347,2.426644219479996,-60.992251517753864
324.919046404644,-85.22420330271245,307.0361149363036,-30.26757399149133,278.7924078751902,-63.542220755758116
181.89085408122858,-57.341621683836486,297.0158194649918,5.0252894141537485,213.06910928702104,-49.93799121013649
297.524687798787,14.947480974544591,52.9803602124547,-5.743839460440497,303.15043858970023,35.272544045319
115.21785637102023,-14.14358089335037,231.16880830917412,4.20271172389007,120.27260062760435,-34.969961630221874
322.3883622586322,70.68090799385547,107.68091710793898,14.058373266454124,35.95698197916538,71.10848098926924
140.11260434429872,57.13984111291936,158.77755086644223,42.48071953636954,122.5016837963794,39.218164901212745
3.9015545329074097,-28.472876694382325,21.228129590906676,-81.96482007389278,351.2603884586515,-27.46423784689322
325.93751151093494,-43.303781982367354,357.10300809756063,-49.03390965599584,312.9834261008047,-27.848625233632067
32.86320364300808,-21.655366529891957,200.54844297075255,-71.00349092535299,22.02854461235483,-32.62819274255481
114.95290953254936,16.253089652665395,203.41485124277517,17.856106015504267,113.9902586538087,-5.131820454263055
342.02230813828976,-41.74854465188227,354.77285274346355,-60.897253948180136,326.1366121747231,-31.28663425216129
342.2185728975202,22.346803412844125,89.02251816202885,-32.333710945580926,353.011077029862,27.46394460374367
206.437639724383,-16.305902605576723,321.3845921779801,44.61108803286276,210.3726937809223,-5.026773459774319
227.46139638112774,9.368492553356443,11.013548319185501,52.84648262047857,222.0729311252351,26.010285147943105
161.44038791219512,-11.497224755642996,260.4949995684755,40.79608051505289,167.44125145618887,-17.87499430561691
105.55587781130323,-36.996163282454816,247.64532407477503,-13.94287126441042,114.65484786615501,-59.1109397817748
118.31923633316974,80.7215952531882,133.18912687173156,29.226810002560303,98.31952737140196,58.10520649195746
242.10664418773382,47.44904294875695,74.501672524499,46.785787030347514,218.90183710825553,66.01196540223737
270.8548305975648,-64.77962836203854,329.1708791324874,-19.489984727539504,270.4812671774998,-41.34178664246035
284.9684557413055,66.3242356616243,96.90597664914573,23.856852238553415,4.612030757313453,84.02724625739086
284.2625314060394,-2.2623843150875445,31.556940558174016,-2.279546766755768,285.2258854674126,20.426008600627565
32.83419709752853,71.01940084093646,129.39372017085475,9.156861563912999,63.06480238325248,52.8871322593739
177.99130969292932,53.97394607051674,141.07469836172817,61.0095192063634,149.90449424979806,47.20701619290446
20.721153605991944,-13.46156919553798,152.749798625191,-74.48311283918086,13.777239556242952,-20.515357970407532
197.8303976365448,-85.95552450237886,303.31260990265616,-23.09848239868741,260.8405657141152,-65.040543446943
158.95098049441572,-41.63807531070971,277.4331831307038,14.42142256259337,181.47578899931904,-45.75556108310557
319.57350579298793,7.494158638956046,58.85641227067,-27.906980461432745,324.5136865602935,22.049440896341874
126.32940451874833,24.026079568706507,199.7327216274337,30.6237803475158,122.87581466103326,4.6380446121382075
42.14412591393811,-43.58021662202359,255.49596921964005,-61.24240847115962,17.72857028329943,-55.673204919873385
51.47700553902091,-64.91590666689166,280.9354480281845,-45.05464214218076,348.03213230879857,-74.3410981376344
274.14382741829,60.287442623873844,89.37952151381303,27.57284195674138,288.33016267045537,83.46202935168819
222.558502793854,87.19239252663938,121.33323079005058,29.557958678221745,95.61228119702302,68.36613363582387
36.40416340420449,4.624232814483449,162.11950946590454,-50.93922709963596,35.6178753951029,-9.284417326623165
30.278450201399075,-59.09772854730537,287.04563099802306,-55.82944848258085,346.83210934347596,-62.90384732682488
252.3488873252832,-40.98468122651359,343.54408036610573,2.408884559453919,256.03730287490305,-18.396930882870073
26.19468229110967,-86.68967822145599,302.04764213138685,-30.346534226294754,277.88929070008083,-67.83335194017386
295.86962134452824,74.57378518088981,106.6134674033563,22.722107736312367,54.685566999786495,78.41653455400544
254.24720177633864,-68.8048050797746,322.1847971560188,-15.72665296953787,261.90131187081846,-45.80774206463916
29.285561031083915,13.77296559256564,146.26600900204465,-46.100688398558574,32.057320431663435,1.687418591394314
30.541577070669092,-40.67006027630292,260.3276432922916,-70.1033983809633,8.218331429711235,-48.69790945528251
355.1902482604232,9.752040452842813,95.60693575232719,-49.33322009067423,359.5037658271777,10.852300647193475
134.73748647220333,27.25566990333556,198.55447805452957,38.803558238857185,129.40435875080863,9.728931521261321
133.43117294408074,59.35352466729629,157.06326638063655,38.53816848078755,117.19716878870979,39.94784277814573
292.6078442127009,-52.844171083091425,344.86405725039936,-27.028528490886647,285.64989580246294,-30.62650987795445
341.0094878581891,-88.02075084147351,304.1236954678194,-28.804443652295088,274.5741797828923,-65.84813574511966
354.9603829762335,-65.36058658761469,314.4629147527349,-50.134306832499455,316.419250078436,-55.02250169232641
271.216146693219,72.00335553265892,102.63120250840953,29.28598291674752,86.0438410508025,84.54066529373357
135.45345079112968,67.30021396125274,147.0486687740488,37.277270566434375,114.0785533366667,47.623585189390404
30.060258011520755,17.534358390655495,145.3511968411887,-42.3224695489713,34.06300191165513,4.957914930420768
279.77288973387726,18.09303487805761,47.860176417262224,10.787246207090556,282.36242980527663,41.11369688407098
201.02552990488982,29.706601418325988,54.593675348276705,82.37150642816965,186.24630758485637,35.353948708356995
152.71992332891145,-58.43316984777908,283.1983427122746,-1.8533020374357645,194.31738798840735,-61.30214862735553
326.28757863410493,74.59415026649276,111.34881617076746,16.085269370027785,48.31712718788165,70.59015591834033
40.031093630214485,-14.621305519426839,192.13007252323374,-61.79155557154922,32.41913110281385,-28.630890247019593
177.3450375447093,-21.03506491509046,284.04045975867245,39.54931879062188,186.3069101491916,-20.274481941837532
4.087312116270865,3.405186950910757,106.08416631590622,-58.31412438620947,5.098570409853108,1.5009330936513912
168.71783111788545,-81.54612598049009,299.2777420346879,-19.36792325221966,248.55277727328345,-66.7736437163242
20.269179245461444,-60.068993623905705,296.2064917391135,-56.67056293370538,338.3098359423487,-59.754163209238165
42.77444985650589,42.84605095674668,145.15429906979836,-14.803415422344917,53.49686077444169,25.204910464998957
42.309448839757756,-75.09623977347724,293.45980861883686,-39.789454070306945,310.1358835935353,-72.839793953304
233.71570876178288,18.567379703949875,28.915254616015677,51.56394269641017,225.6737887054933,36.591024928332274
268.5761565355524,-45.83716025736223,346.217708932736,-10.02790303688923,268.9232025755384,-22.403181644109697
210.01275543497746,-19.92678947244422,324.1835933841938,40.09659773473584,214.8538975421037,-7.217860167671561
346.3821174508351,-38.03512738127402,0.06559004544680926,-65.28657111494968,331.5191062135729,-29.441589256176847
134.95340862853345,-25.978911036309157,251.51727903182152,13.022837754522762,147.18874025137293,-40.91582130798968
102.85635106146987,39.42826293316419,176.73507859057185,16.83180115988201,100.31949042798347,16.44859505126317
312.6956861482057,-36.518091187828496,6.451279703514368,-38.84391598160353,304.9845029292725,-18.12056598291594
80.49450186700295,11.952835253441494,191.55907659157612,-13.701613157484283,80.51727234054384,-11.174221199981195
346.76011419862004,-4.31092760416206,70.82572017925277,-56.22764571313116,346.1395187477804,1.2536352218579412
4.375610888333883,29.460809765276665,114.13855668876494,-32.83084534195158,16.461320481973964,25.139235507520954
349.15637761475006,78.62935307845643,118.18698313917548,16.640778004073667,61.449476993128755,66.09630819442289
15.5375683022074,41.86297749784505,125.06751905034677,-20.9643460000415,32.003561711333035,32.20354880285491
320.8115209313056,-51.31073185366378,346.4336606139845,-44.271558554470886,305.75148427568115,-33.98830930738294
189.97239927106796,-84.38703568896877,302.62850839632677,-21.522092813316444,256.8179007647596,-65.00512675081204
357.4673266029481,-42.79247202603148,337.5640903008199,-69.9569467668365,337.7421997923555,-37.61758050166646
26.56676330474359,17.11402752604587,141.21940345082007,-43.80217547326525,30.77893152276655,5.737255695891078
199.3875423844755,-80.74335357283493,304.0332787997473,-17.927493878695905,251.0327143297846,-62.16477937996642
348.9489128228756,-0.6540755037774582,78.02932985986743,-54.96094574086708,349.58049283441215,3.771005203391836
188.31522390125357,17.431712805040057,278.58666126387817,79.43401903843248,180.44707547640948,19.252599067628665
226.5835097286945,-29.836099652947052,334.8971161510985,24.5348016399951,232.46142304873774,-11.877975364400225
250.46952803446217,48.76419667424795,75.33267716819104,41.08318045645713,230.86361335947637,69.5638822118138
163.63478331639837,-70.81231443592108,293.5513444091889,-10.100684915925225,222.66884528301773,-64.60182619411326
225.92090883026285,-76.47519928755442,310.54379651803464,-15.598887563767816,253.2557879138258,-55.60986301727093
210.35315229231608,41.0739761166486,81.51654334030455,69.96677589902741,187.7138978267593,48.96845733709411
324.41688377675604,-0.8115630828842768,54.10768662080373,-36.640399842410034,326.436941937747,12.617500409966524
16.360696922924834,33.912431356992485,126.24968574288876,-28.869080801622168,28.72115411356984,24.765118531448042
101.14674825320292,-11.731079051325679,222.65007117809057,-6.820229665814485,103.29987887309694,-34.656995069455455
342.14813426756115,-45.64763401696077,347.50916108300146,-59.424386881705935,324.13141169082377,-34.80631051199295
320.4949622007299,57.43841718135595,97.58999281077628,5.2681334667723645,2.9085542504608006,65.43030152989607
164.03643100285666,53.89485821441627,153.3616239532754,55.88124643115484,140.31317371914167,42.59427120603918
223.24773520855322,35.04536475379682,57.46523161836298,62.91941289694594,205.63647527918164,48.58758686550855
99.85722587320777,-41.01387529860671,249.84514384573131,-19.53652652775028,107.05247839837695,-63.87065140614237
67.72361750055407,16.241520036435677,180.39695378197703,-21.360162799921483,68.54772545123899,-5.554448283438165
166.9314257783936,-25.024698550795176,275.02489113054304,32.16656738589327,178.71625657338163,-28.008576681803575
127.20680208937901,-73.51522680120586,287.0185068281672,-19.458580993423503,225.40788228469202,-75.85212536639479
210.11620026631394,75.1164435832037,117.11755056360222,41.22315179384532,129.84730499875107,69.71263411442533
27.98446930739454,-65.37264643458695,293.07219320523143,-50.581638108927066,333.65595368638355,-65.75602356697966
350.78213075981995,81.04272368774444,119.38805570482693,18.78476281711841,67.44189104425999,66.37874580325061
355.03586801265703,-9.718960867567967,75.55266241777858,-65.79557448664272,351.57321735548163,-6.947446986819294
